region,code,image_url
Belgium,be,https://cdn.jsdelivr.net/gh/hampusborgos/country-flags@main/png100px/be.png
Bulgaria,bg,https://cdn.jsdelivr.net/gh/hampusborgos/country-flags@main/png100px/bg.png
Czech Republic,cz,https://cdn.jsdelivr.net/gh/hampusborgos/country-flags@main/png100px/cz.png
Denmark,dk,https://cdn.jsdelivr.net/gh/hampusborgos/country-flags@main/png100px/dk.png
Germany,de,https://cdn.jsdelivr.net/gh/hampusborgos/country-flags@main/png100px/de.png
Estonia,ee,https://cdn.jsdelivr.net/gh/hampusborgos/country-flags@main/png100px/ee.png
Ireland,ie,https://cdn.jsdelivr.net/gh/hampusborgos/country-flags@main/png100px/ie.png
Greece,gr,https://cdn.jsdelivr.net/gh/hampusborgos/country-flags@main/png100px/gr.png
Spain,es,https://cdn.jsdelivr.net/gh/hampusborgos/country-flags@main/png100px/es.png
France,fr,https://cdn.jsdelivr.net/gh/hampusborgos/country-flags@main/png100px/fr.png
Croatia,hr,https://cdn.jsdelivr.net/gh/hampusborgos/country-flags@main/png100px/hr.png
Italy,it,https://cdn.jsdelivr.net/gh/hampusborgos/country-flags@main/png100px/it.png
Cyprus,cy,https://cdn.jsdelivr.net/gh/hampusborgos/country-flags@main/png100px/cy.png
Latvia,lv,https://cdn.jsdelivr.net/gh/hampusborgos/country-flags@main/png100px/lv.png
Lithuania,lt,https://cdn.jsdelivr.net/gh/hampusborgos/country-flags@main/png100px/lt.png
Luxembourg,lu,https://cdn.jsdelivr.net/gh/hampusborgos/country-flags@main/png100px/lu.png
Hungary,hu,https://cdn.jsdelivr.net/gh/hampusborgos/country-flags@main/png100px/hu.png
Malta,mt,https://cdn.jsdelivr.net/gh/hampusborgos/country-flags@main/png100px/mt.png
Netherlands,nl,https://cdn.jsdelivr.net/gh/hampusborgos/country-flags@main/png100px/nl.png
Austria,at,https://cdn.jsdelivr.net/gh/hampusborgos/country-flags@main/png100px/at.png
Poland,pl,https://cdn.jsdelivr.net/gh/hampusborgos/country-flags@main/png100px/pl.png
Portugal,pt,https://cdn.jsdelivr.net/gh/hampusborgos/country-flags@main/png100px/pt.png
Romania,ro,https://cdn.jsdelivr.net/gh/hampusborgos/country-flags@main/png100px/ro.png
Slovenia,si,https://cdn.jsdelivr.net/gh/hampusborgos/country-flags@main/png100px/si.png
Slovakia,sk,https://cdn.jsdelivr.net/gh/hampusborgos/country-flags@main/png100px/sk.png
Finland,fi,https://cdn.jsdelivr.net/gh/hampusborgos/country-flags@main/png100px/fi.png
Sweden,se,https://cdn.jsdelivr.net/gh/hampusborgos/country-flags@main/png100px/se.png
